305,,,,,,,,,,,,,,,,,,,99,항공운송물류,,,,,,,,,,,103,현대글로비스 물류비즈니스,,,103,현대글로비스 물류비즈니스,,,,,,,,,,,,,,,,,,,99,항공운송물류,,,,,,,,,,,,,,,,,,,,,,,104,경영전략(캡스톤디자인),,,104,경영전략(캡스톤디자인),89,경영전략(캡스톤디자인),,,89,경영전략(캡스톤디자인)
310,,,,,,,,,,,,,,,,,,,,,,,,,,,,,,,,,,,,,,,,,,,,,,,,,,,,,,,,,,,,,,,,,,,,,,,,,,,,,,,17,CAU세미나(2),,,,,98,경제학개론(1),,,98,경제학개론(1)
311,,,,,,,17,CAU세미나(2),,,,,,,,,,,,,,,,,,,,,,,,,,,,,,,,,,CAU세미나(2),18,,,,,,29,유통서비스경제론,,,29,유통서비스경제론,,,,,,,,,,,,,,,,,,,,,,,,,80,21세기기업경영,,,80,21세기기업경영,,,,,,
312,58,공업수학(2),58,공업수학(2),97,고분자재료,97,고분자재료,14,반응공학(2),14,반응공학(2),54,공정제어,54,공정제어,,,72,일반화학(2),72,일반화학(2),16,일반물리학(2),16,일반물리학(2),,,,,,,,,83,화공특강,72,일반물리학(2),72,일반물리학(2),97,고분자재료,,,14,반응공학(2),,,54,공정제어,,,,,,,,,,,,,24,공업수학및연습(2),,,,,24,공업수학및연습(2),,,,,,,,,,,,,,,,,,,,
315,,,,,,,51,공업수학(2),59,공정제어,63,열과물질전달,50,열과물질전달,50,열과물질전달,,,49,물리화학(2),49,물리화학(2),60,화학공학개론,60,화학공학개론,,,49,화학공학개론,66,물리화학(2),66,물리화학(2),,,,,58,공업수학(2),51,공업수학(2),51,공업수학(2),63,열과물질전달,63,열과물질전달,50,열과물질전달,,,,,,,49,물리화학(2),,,60,화학공학개론,49,화학공학개론,49,화학공학개론,,,66,물리화학(2),,,,,,,,,,,,,,,,,,,,
316,54,유기화학(2),,,66,유기화학(2),66,유기화학(2),,,17,무기화학,53,선형대수학,,,53,선형대수학,42,상과화학평형,42,상과화학평형,60,상과화학평형,60,상과화학평형,,,59,화공양론(2),,,,,,,54,유기화학(2),54,유기화학(2),74,공업수학(2),66,유기화학(2),17,무기화학,17,무기화학,47,신재생에너지,,,47,신재생에너지,,,42,상과화학평형,60,상과화학평형,,,59,화공양론(2),59,화공양론(2),,,,,,,,,,,,,,,,,,,,,,,,
321,,,,,41,건축구조계획,41,건축구조계획,,,,,,,,,11,CAU세미나(2),,,,,42,교통운영,,,,,,,36,한국건축사,,,36,한국건축사,,,,,,,,,,,,,30,환경과학,,,30,환경과학,,,,,42,교통운영,42,교통운영,,,,,33,도시설계,,,33,도시설계,,,,,,,,,,,,,28,도시재생,,,28,도시재생
410,,,,,,,17,CAU세미나(2),,,,,43,통계프로그래밍(2),,,43,통계프로그래밍(2),,,,,,,,,,,,,,,,,,,27,자료분석론(2),,,27,자료분석론(2),,,,,,,43,자료분석론(2),,,43,자료분석론(2),,,,,,,,,,,,,,,,,,,,,,,,,,,,,,,30,통계프로그래밍(2),,,30,통계프로그래밍(2)
412,,,,,,,,,,,,,,,,,,,,,,,,,,,,,,,,,,,,,,,,,,,17,CAU세미나(2),,,,,,,,,18,CAU세미나(2),,,,,,,,,,,,,,,,,,,65,경영학원론,,,65,경영학원론,46,비주얼 커뮤니케이션,,,46,비주얼 커뮤니케이션,,,,,,
414,,,99,모바일 앱 개발,,,,,12,도로디자인실습,12,도로디자인실습,63,역학의이해,,,63,역학의이해,,,65,선형대수학,16,생체재료,16,생체재료,17,건설사업관리학,17,건설사업관리학,40,한국사,40,한국사,,,24,건설환경플랜트(종합)설계,,,,,24,건설환경플랜트(종합)설계,,,,,87,지방행정론,,,87,지방행정론,57,일반물리학(2),57,일반물리학(2),16,생체재료,,,,,17,건설사업관리학,59,국제정치학개론,,,59,국제정치학개론,22,건설환경플랜트(종합)설계,,,,,22,건설환경플랜트(종합)설계,39,지반설계,,,,39,지반설계,,,
417,27,토질역학(2),27,토질역학(2),12,도로디자인,12,도로디자인,45,창의와소통,45,창의와소통,45,창의와소통,45,창의와소통,11,CAU세미나(2),,,,,20,암반역학,,,,,,,50,콘크리트구조설계,,,50,콘크리트구조설계,39,앙트레프레너십시대의회계,39,앙트레프레너십시대의회계,58,앙트레프레너십시대의회계,58,앙트레프레너십시대의회계,31,통계학,31,통계학,,,,,,,,,,,20,암반역학,20,암반역학,22,암반역학,22,암반역학,70,21세기기업경영,,,70,21세기기업경영,,,,,,,,,,,,,,,,,,
418,,,,,,,,,,,,,,,,,,,,,,,,,,,,,,,,,,,,,,,,,,,,,49,공정제어,49,공정제어,,,,,,,,,,,,,,,,,,,,,,,,,,,,,,,,,,,,,,,,,,
418,,,,,44,정역학,44,정역학,33,토질역학(2),33,토질역학(2),29,개수로수리학,,CAU세미나(2),29,개수로수리학,,,,,34,열역학(2),34,열역학(2),28,공업수학및연습(2),,,,,28,공업수학및연습(2),,,69,앙트레프레너십시대의회계,69,앙트레프레너십시대의회계,44,정역학,,,,,,,37,개수로수리학,,,37,개수로수리학,,,,,34,열역학(2),,,42,앙트레프레너십시대의회계,42,앙트레프레너십시대의회계,26,수치해석,,26,수치해석,,,,12,선형대수학,,,,,,,,,,,,,,
419,,,,,,,,,,,,,,,,,13,CAU세미나(2),,,,,,,,,,,,,27,원자로이론,,,27,원자로이론,,,,,,,,,,,,,,,,,,,,,,,,,,,70,앙트레프레너십시대의회계,70,앙트레프레너십시대의회계,,,,,,,32,전기기기구동,,,32,전기기기구동,,,,,,,,,,,,
420,,,,,,,,,,,,,57,선형대수학,,,57,선형대수학,,,,,,,,,,,,,94,사회복지발달사,,,94,사회복지발달사,,,,,,,,,,,,,48,신재생에너지,,,48,신재생에너지,,,,,,,,,,,,,38,전기에너지시스템프로젝트,,,38,전기에너지시스템프로젝트,,,,,,,,,,,,,,,,,,
421,,,,,,,,,,,,,,,,,11,CAU세미나(2),,,,,,,,,,,,,,,,,,,,,,,,,,,,,,,,,,,30,기계에너지시스템프로젝트,,,,,,,16,원자력안전규제,14,원자력안전공학,14,원자력안전공학,16,원자력에너지시스템프로젝트,,,16,원자력에너지시스템프로젝트,8,원자력계통해석,,,8,원자력계통해석,,,,,,,,,,,,
422,,,,,25,교통계획론(2),25,교통계획론(2),,,,,14,해안공학및설계,,,14,해안공학및설계,,,,,,,,,,,,,21,도시개발론,,,21,도시개발론,,,,,25,교통계획론(2),,,24,국토및지역계획,24,국토및지역계획,17,해안공학및설계,,,17,해안공학및설계,,,,,,,,,,,,,,,,,,,,,,,,,,,24,국토및지역계획,,,,,,,,
502,,,,,,,17,CAU세미나(2),,,,,9,교통안전공학,,,9,교통안전공학,,,,,45,ACT,45,ACT,,,,,17,비즈니스커뮤니케이션(2),,,,,,,,,,,17,CAU세미나(2),45,글쓰기,45,글쓰기,45,글쓰기,45,글쓰기,,,42,E-STARTUP과 소셜마케팅(종합설계),,,42,E-STARTUP과 소셜마케팅(종합설계),,,,,,,17,비즈니스커뮤니케이션(2),,,,,19,글쓰기,19,글쓰기,,,17,CAU세미나(2),,,,,,,,,,
503,,,9,시계열분석론(2),,,19,CAU세미나(2),,,46,통계수학(2),33,환경과학,,,33,환경과학,,,49,통계수학(2),49,통계수학(2),,,,,,,,,,,,,,,9,시계열분석론(2),9,시계열분석론(2),17,CAU세미나(2),46,통계수학(2),46,통계수학(2),52,설득커뮤니케이션,,,52,설득커뮤니케이션,,,49,통계수학(2),49,통계수학(2),17,CAU세미나(2),,,,,,,,,,,32,콘텐츠산업 비즈니스 전략,,,32,콘텐츠산업 비즈니스 전략,,,,,,,,,,,,
505,,,95,물류시스템분석,95,물류시스템분석,,,,,,,,,,,,,,,122,운송물류경제론,122,운송물류경제론,77,한국경제경영의이해(2),,,77,한국경제경영의이해(2),,,,,,,,,95,물류시스템분석,95,물류시스템분석,,,,,,,64,CJ 대한통운 물류비즈니스(2),,,64,CJ 대한통운 물류비즈니스(2),,,122,운송물류경제론,122,운송물류경제론,80,경영통계학,,,80,경영통계학,,,,,,,134,통상과 지역연구,,,134,통상과 지역연구,133,동북아물류혁신론,,,133,동북아물류혁신론,,,,,,
512,,,38,SW 프로그래밍Ⅰ,38,SW 프로그래밍Ⅰ,,,41,소프트웨어 보안,41,소프트웨어 보안,39,SW 프로그래밍Ⅰ,39,SW 프로그래밍Ⅰ,,,,,,,,,,,15,산업보안 프로젝트 Ⅱ(캡스톤디자인),15,산업보안 프로젝트 Ⅱ(캡스톤디자인),17,보안 데이터 분석,17,보안 데이터 분석,,,38,SW 프로그래밍Ⅰ,,,38,SW 프로그래밍Ⅰ,,,41,소프트웨어 보안,41,소프트웨어 보안,38,SW 프로그래밍Ⅰ,,,38,SW 프로그래밍Ⅰ,,,,,,,,,15,산업보안 프로젝트 Ⅱ(캡스톤디자인),15,산업보안 프로젝트 Ⅱ(캡스톤디자인),17,보안 데이터 분석,,,17,보안 데이터 분석,,,,,,,19,기업가정신과 보안윤리,,,19,기업가정신과 보안윤리,27,최신 ICT와 보안,,,27,최신 ICT와 보안
513,,,70,조직행동론,,,70,조직행동론,,,,,49,DEBATE IN BUSINESS,,,49,DEBATE IN BUSINESS,,,78,유통서비스경제론,78,유통서비스경제론,,,78,경제학특강,78,경제학특강,80,국제금융론,80,국제금융론,,,,,70,조직행동론,70,조직행동론,,,,,,,44,글쓰기,44,글쓰기,,,,,78,유통서비스경제론,78,유통서비스경제론,9,CAU세미나(2),78,경제학특강,78,경제학특강,80,국제금융론,80,국제금융론,,,31,이산시간금융공학,,,31,이산시간금융공학,70,후생경제학,,,70,후생경제학,,,,,,
514,45,창의와소통,45,창의와소통,90,메카트로닉스,90,메카트로닉스,,,70,고체역학(2),80,시스템해석,80,시스템해석,31,공학설계입문,44,신제조공학,44,신제조공학,,메카트로닉스,47,유한요소법개론,67,유체역학(1),67,유체역학(1),,,85,생활속의생명과학,,,,,85,생활속의생명과학,90,메카트로닉스,,,70,고체역학(2),70,고체역학(2),80,시스템해석,,,,,,,44,신제조공학,,,,,67,유체역학(1),,,48,유체역학(1),48,유체역학(1),,,,,,,47,유한요소법개론,47,유한요소법개론,,,,,69,선형대수학,,,69,선형대수학
517,46,선형대수학,46,선형대수학,55,공업수학(2),55,공업수학(2),,,70,고체역학(2),80,시스템해석,42,신제조공학,,,55,일반물리(2),55,일반물리(2),64,열역학(2),64,열역학(2),,,,,70,일반물리학(2),70,일반물리학(2),11,CAU세미나(2),46,선형대수학,,,46,선형대수학,58,정역학,70,고체역학(2),70,고체역학(2),80,시스템해석,80,시스템해석,32,공학설계입문,41,일반물리(2),41,일반물리(2),64,열역학(2),,,55,실험계획법및최적설계,55,실험계획법및최적설계,60,한국사,60,한국사,,,39,일반물리학(2),39,일반물리학(2),58,정역학,58,정역학,,,,,70,선형대수학,,,70,선형대수학
518,,,,,,,,,37,소음/진동제어,37,소음/진동제어,64,시스템해석,64,시스템해석,11,CAU세미나(2),,,,,65,열역학(2),65,열역학(2),52,실험계획법및최적설계,52,실험계획법및최적설계,46,열전달,,,48,공학설계입문,44,앙트레프레너십시대의회계,44,앙트레프레너십시대의회계,,,,,37,소음/진동제어,,,64,시스템해석,,,,,,,,,65,열역학(2),,,,,52,실험계획법및최적설계,46,열전달,46,열전달,,,,,,,,,,,48,공학설계입문,,,,,,,,
518,,,,,74,공업수학(2),74,공업수학(2),,,,,,,,,,,,,,,,,,,,,,,,,,,,,,,,,41,건축구조계획,,,,,,,,,,,,,,,,,,,,,,,,,,,,,,,,,,,,,,,,,,,,,,,,
519,,,,,74,공업수학(2),74,공업수학(2),,,52,고체역학(2),27,열전달,,,11,CAU세미나(2),,,,,43,정역학,43,정역학,68,유체역학(1),55,실험계획법및최적설계,58,열전달,58,열전달,,,,,,,74,공업수학(2),,,52,고체역학(2),52,고체역학(2),27,열전달,27,열전달,,,,,,,,,,,68,유체역학(1),68,유체역학(1),,,58,열전달,47,공학설계입문,,,,,43,정역학,,,,,,,,,,,,
520,,,,,,,55,정역학,34,유체기계및설계,,,35,재료거동,53,신제조공학,,,,,,,22,건설사업관리학,33,유한요소법개론,,,31,실험계획법및최적설계,47,소성학,47,소성학,,,,,37,생활속의생명과학,37,생활속의생명과학,37,생활속의생명과학,34,유체기계및설계,34,유체기계및설계,35,재료거동,35,재료거동,,,70,일반물리학(2),70,일반물리학(2),22,건설사업관리학,22,건설사업관리학,31,실험계획법및최적설계,31,실험계획법및최적설계,47,소성학,,,,,,,,,33,유한요소법개론,33,유한요소법개론,,,,,,,,,,
520,,,,,,,,,,,31,통계학,,,,,,,,,,,,,,,,,,,,,,,,,,,,,,,,,,,,,,,,,,,,,,,,,,,,,,,,,,,,,,,,,,,,,,,,,,,,,,
521,,,,,40,창의와소통,40,창의와소통,41,창의와소통,41,창의와소통,36,건축설비,,,36,건축설비,45,창의와소통,45,창의와소통,37,창의와소통,37,창의와소통,,,,,45,창의와소통,45,창의와소통,,,,,,,,,,,,,,,32,건축공사비견적,,,32,건축공사비견적,,,,,,,,,,,,,43,건축공학의이해,,,43,건축공학의이해,30,일반물리학(2),30,일반물리학(2),,,,,,,,,,,,,,
523,,,,,44,창의와소통,44,창의와소통,31,건축설비,8,CAU세미나(2),57,선형대수학,,,57,선형대수학,30,창의와소통,30,창의와소통,19,창의융합과미래설계,19,창의융합과미래설계,13,건축설계(2),,,,,,,,,17,건축연구(캡스톤디자인),,,,,17,건축연구(캡스톤디자인),31,건축설비,31,건축설비,47,건축재료및시공(1),,,47,건축재료및시공(1),39,건축재료와시공,,,39,건축재료와시공,,,49,앙트레프레너십시대의회계,49,앙트레프레너십시대의회계,27,친환경건축설비계획,,,27,친환경건축설비계획,,,,,,,,,13,건축설계(2),,,,,,,,
601,,,,,,,16,보안시스템 운영과 활용,,,16,보안시스템 운영과 활용,,,,,,,,,,,,,,,43,GF 참세미나(1),,,43,무역실무론,43,무역실무론,,,,,,,54,한국사,54,한국사,45,글쓰기,45,글쓰기,45,글쓰기,45,글쓰기,,,,,,,,,56,인간관계심리학,,,56,인간관계심리학,43,무역실무론,43,무역실무론,,,,,,,17,CAU세미나(2),,,,,,,,,,,,
602,,,,,,,,,,,,,38,기업가정신과창업론,,,38,기업가정신과창업론,,,,,,,,,30,응용확률론,30,응용확률론,,,,,,,,,,,,,,,44,글쓰기,44,글쓰기,19,글쓰기,19,글쓰기,,,,,,,,,,,30,응용확률론,30,응용확률론,59,기업가치분석,,,59,기업가치분석,,,,,,,,,,,,,,,,,,
603,,,37,거시경제학,37,거시경제학,,,,,,,,,,,,,,,,,,,,,59,경영정보시스템,59,경영정보시스템,53,경영정보시스템,53,경영정보시스템,,,,,37,거시경제학,37,거시경제학,55,음악의이해와감상,,,55,음악의이해와감상,46,파생금융상품론,,,46,파생금융상품론,,,,,,,,,59,경영정보시스템,59,경영정보시스템,53,경영정보시스템,53,경영정보시스템,,,,,,,,,16,마케팅리서치,,,16,마케팅리서치,59,기초통계학(2),,,59,기초통계학(2)
605,71,해상물품운송법,,,71,해상물품운송법,,,,,,,151,한국경제경영의이해(2),,,151,한국경제경영의이해(2),,,,,,,,,,,,,,,,,,,,,,,,,,,,,,,107,경제학개론(2),,,107,경제학개론(2),,,,,,,73,해상물품운송법,,,73,해상물품운송법,103,세무회계,,,103,세무회계,,,,,,,89,세무회계,,,89,세무회계,89,세무회계,,,89,세무회계
607,,,,,,,,,,,,,,,,,,,,,,,,,50,경영경제데이터분석 소프트웨어,,,50,경영경제데이터분석 소프트웨어,50,경영경제데이터분석 소프트웨어,,,50,경영경제데이터분석 소프트웨어,50,경영경제데이터분석 소프트웨어,,,50,50,경영경제데이터분석 소프트웨어,,,,50,경영경제데이터분석 소프트웨어,50,경영경제데이터분석 소프트웨어,,,50,경영경제데이터분석 소프트웨어,49,경영경제데이터분석 소프트웨어,,,49,경영경제데이터분석 소프트웨어,49,경영경제데이터분석 소프트웨어,,,49,경영경제데이터분석 소프트웨어,,,,,,,,,,,,,,,,,,,,,,,,
611,,,,,,,,,,,,,73,회계학원론,73,회계학원론,49,회계학원론,80,회계학원론,80,회계학원론,,,,,79,회계학원론,,,79,회계학원론,,,,,79,인간행동과심리,,,79,인간행동과심리,100,마케팅,,,100,마케팅,73,회계학원론,73,회계학원론,49,회계학원론,80,회계학원론,80,회계학원론,,,,,79,회계학원론,79,회계학원론,,,,,,,98,사회적책임과기업윤리,,,98,사회적책임과기업윤리,25,경영통계학,,,25,경영통계학,89,글로벌무역 공급망 관리,,,89,글로벌무역 공급망 관리
612,,,45,인터렉티브브랜드커뮤니케이션,45,인터렉티브브랜드커뮤니케이션,,,,,,,78,조직행동론,78,조직행동론,,,,,44,BUSINESS COMMUNICATIONS(2),44,BUSINESS COMMUNICATIONS(2),,,49,BUSINESS COMMUNICATIONS(2),49,BUSINESS COMMUNICATIONS(2),33,생물통계학,,,33,생물통계학,,,45,인터렉티브브랜드커뮤니케이션,45,인터렉티브브랜드커뮤니케이션,73,소비자와시장,,,73,소비자와시장,78,조직행동론,78,조직행동론,,,,,44,BUSINESS COMMUNICATIONS(2),44,BUSINESS COMMUNICATIONS(2),,,49,BUSINESS COMMUNICATIONS(2),,,49,BUSINESS COMMUNICATIONS(2),,,,,,,,,59,GF 참세미나(3),49,금융통계,,,49,금융통계,,,,,,
613,84,기초전자회로,84,기초전자회로,,,89,통신공학,80,자동제어,80,자동제어,100,에너지변환공학,100,에너지변환공학,,,,,32,마음공학,90,통신공학,90,통신공학,84,수치해석,84,수치해석,84,반도체공학,84,반도체공학,,,39,에너지변환공학,39,에너지변환공학,89,통신공학,89,통신공학,84,회로및시스템,84,회로및시스템,71,감성디스플레이공학,,,71,감성디스플레이공학,32,마음공학,32,마음공학,90,통신공학,68,통신공학,,,,,84,반도체공학,,,,,,,,,,,,,84,회로및시스템,84,회로및시스템,,,,,,
616,,,82,논리회로,,,83,전자장,,,,,18,확률및통계,,,18,확률및통계,83,공업수학,83,공업수학,44,창의와소통,44,창의와소통,44,창의와소통,44,창의와소통,75,ASIC설계,75,ASIC설계,,,84,기초전자회로,69,기초전자회로,86,전자장,,,84,회로및시스템,81,논리회로,83,공업수학,,,83,공업수학,,,,,84,수치해석,78,논리회로,75,ASIC설계,,,,,,,,,,,,,84,회로및시스템,,,,,86,회로및시스템,84,ASIC설계,84,ASIC설계,,
617,,,39,에너지변환공학,80,에너지변환공학,,,80,자동제어,80,자동제어,80,기초전자회로,80,기초전자회로,,,52,공업수학,52,공업수학,78,논리회로,61,박막공학과 소자응용,58,알고리즘분석,58,알고리즘분석,,,,,,,,,,,80,에너지변환공학,80,에너지변환공학,80,자동제어,34,회로및시스템,,,32,기초전자회로,,,,,52,공업수학,24,앙트레프레너십시대의회계,24,앙트레프레너십시대의회계,45,논리회로,45,논리회로,63,전자장,,,63,전자장,46,아날로그및RF회로설계,,,46,아날로그및RF회로설계,,,,,58,알고리즘분석,,,,,,
618,37,공업수학,37,공업수학,32,인터페이스 물질전이론,32,인터페이스 물질전이론,16,나노융합분석학,33,탄소소재공학,50,세포생물학,,,,,,,,,,,66,물리화학(2),,,,,32,응용회로이론,32,응용회로이론,,,37,공업수학,32,인터페이스 물질전이론,,,16,나노융합분석학,33,탄소소재공학,,,50,세포생물학,,,,,,,,,,,66,물리화학(2),,,,,32,응용회로이론,32,응용회로이론,,,,,,,65,미적분학(2),65,미적분학(2),,,47,나노공학기초설계,,,,,47,나노공학기초설계
619,69,기초전자회로,69,기초전자회로,86,전자장,86,전자장,81,논리회로,81,논리회로,32,기초전자회로,32,기초전자회로,,,100,웹프로그래밍,100,웹프로그래밍,68,통신공학,68,통신공학,100,ASIC설계,100,ASIC설계,100,반도체공학,,,100,반도체공학,82,논리회로,82,논리회로,83,전자장,83,전자장,86,회로및시스템,86,회로및시스템,84,ASIC설계,,,,,,,100,웹프로그래밍,64,앙트레프레너십시대의회계,64,앙트레프레너십시대의회계,,,100,ASIC설계,54,앙트레프레너십시대의회계,54,앙트레프레너십시대의회계,,,,,,,,,,,34,회로및시스템,34,회로및시스템,,,,,,
620,33,창의와소통,33,창의와소통,33,논리회로,33,논리회로,59,생활속의 ICT,59,생활속의 ICT,41,창의와소통,41,창의와소통,,,,,,,44,창의와소통,44,창의와소통,,,,,45,창의와소통,45,창의와소통,,,,,,,50,프로그래밍언어론,50,프로그래밍언어론,,,,,31,프로그래밍언어론,,,31,프로그래밍언어론,,,,,,,,,,,,,61,영상처리,,,61,영상처리,,,,,,,50,프로그래밍언어론,,,,,,,,,,
621,,,,,,,,,,,,,,,,,,,,,,,,,,,,,,,,,,,,,,,,,,,,,,,,,,,,,,,,,,,,,,,,,,,,,,,,,,,,,,,,,,,,,,,,,,
622,,,,,,,,,61,컴퓨터통신,,,44,ACT,44,ACT,,,,,,,34,창의와소통,34,창의와소통,22,창의와소통,22,창의와소통,,,,,,,,,,,61,컴퓨터구조론,61,컴퓨터구조론,61,컴퓨터통신,61,컴퓨터통신,,,,,,,,,,,61,박막공학과 소자응용,61,박막공학과 소자응용,,,,,51,비쥬얼프로그래밍,,,51,비쥬얼프로그래밍,,,,,33,논리회로,61,컴퓨터구조론,,,,,,,,,,
701,,,,,,,,,,,,,15,통계학세미나,,,15,통계학세미나,,,,,,,,,76,마케팅리서치,76,마케팅리서치,78,재무관리,78,재무관리,78,마케팅리서치,60,한국사,60,한국사,,,73,광고홍보연구방법,,,73,광고홍보연구방법,45,글쓰기,45,글쓰기,,,60,한국사,60,한국사,,,,,76,마케팅리서치,76,마케팅리서치,78,재무관리,78,재무관리,78,마케팅리서치,,,,,,,70,마케팅,,,70,마케팅,,,,,,
702,,,42,재무관리,42,재무관리,,,,,,,78,무역학개론,78,무역학개론,78,무역학개론,,,77,경영과학,77,경영과학,,,77,운영관리,77,운영관리,73,인사관리,73,인사관리,58,인사관리,,,42,재무관리,,,42,재무관리,,,,,78,무역학개론,78,무역학개론,78,무역학개론,,,77,경영과학,77,경영과학,,,77,운영관리,77,운영관리,73,인사관리,73,인사관리,58,인사관리,,,,,,,33,금융공학실습(2),,,33,금융공학실습(2),,,,,,
703,,,75,인사관리,75,인사관리,,,57,수리통계학(2),57,수리통계학(2),61,다변량통계분석,,,20,디지털 비즈니스와 보안관리,,,,,,,36,홍보기획(캡스톤디자인),,,36,홍보기획(캡스톤디자인),71,경영과학,71,경영과학,,,,,75,인사관리,75,인사관리,,,57,수리통계학(2),57,수리통계학(2),61,다변량통계분석,61,다변량통계분석,,,,,,,,,,,,,,,71,경영과학,71,경영과학,,,41,글쓰기,41,글쓰기,43,글쓰기,43,글쓰기,,,,,,,,,,
704,,,,,,,68,크리에이티브디렉터론,,,68,크리에이티브디렉터론,12,위기관리론(캡스톤디자인),12,위기관리론(캡스톤디자인),50,브랜드커뮤니케이션캠페인(캡스톤디자인),34,국제경영학,34,국제경영학,,,,,45,국제경영학,45,국제경영학,13,국제재무관리,13,국제재무관리,,,,,,,,,16,CAU세미나(2),,,,,12,위기관리론(캡스톤디자인),12,위기관리론(캡스톤디자인),50,브랜드커뮤니케이션캠페인(캡스톤디자인),34,국제경영학,34,국제경영학,,,,,45,국제경영학,45,국제경영학,13,국제재무관리,,,,,25,무역실무론,,,25,무역실무론,15,관리회계,,,15,관리회계,52,관리회계,,,52,관리회계
705,,,32,광고매체론,32,광고매체론,,,,,,,49,중급재무회계(Ⅱ),49,중급재무회계(Ⅱ),,,,,26,수리통계학(2),26,수리통계학(2),,,,,,,10,산업테러와 기반시설 보호,,,10,산업테러와 기반시설 보호,,,32,광고매체론,32,광고매체론,,,,,,,49,중급재무회계(Ⅱ),49,중급재무회계(Ⅱ),,,,,26,수리통계학(2),26,수리통계학(2),,,,,,,12,관리회계,,,12,관리회계,12,관리회계,,,12,관리회계,,,,,,,,,,,,
717,,,17,국제물류정보실습,17,국제물류정보실습,,,37,국제물류정보실습,37,국제물류정보실습,,,,,,,47,통계학원론,47,통계학원론,,,,,,,,,48,경영경제데이터분석 소프트웨어,,,48,경영경제데이터분석 소프트웨어,,,17,국제물류정보실습,17,국제물류정보실습,,,37,국제물류정보실습,37,국제물류정보실습,48,경영경제데이터분석 소프트웨어,,,48,경영경제데이터분석 소프트웨어,47,통계학원론,47,통계학원론,23,운송물류경제론,46,경영경제데이터분석 소프트웨어,,,46,경영경제데이터분석 소프트웨어,,,,,,,,,,,,,,,,,,,,,,,,
721,,,97,관리회계,97,관리회계,,,99,마케팅,99,마케팅,78,회계학원론,,,78,회계학원론,87,관리회계,90,관리회계,90,관리회계,25,경영학원론,,,25,경영학원론,77,경영통계학,,,77,경영통계학,,,97,관리회계,97,관리회계,,,80,자동제어,99,마케팅,77,인간행동과심리,100,에너지변환공학,77,인간행동과심리,87,관리회계,90,관리회계,,,63,경영학원론,,,63,경영학원론,100,경영학원론,,,100,경영학원론,70,노사관계론,,,70,노사관계론,,,,,,,33,증권시장론,,,33,증권시장론
722,,,,,,,,,80,관리회계,80,관리회계,84,재무관리,84,재무관리,,,82,세법개론,82,세법개론,82,경영정보시스템,,,76,관리회계,76,관리회계,84,마케팅,,,84,마케팅,,,,,60,한국사,60,한국사,80,관리회계,80,관리회계,84,재무관리,84,재무관리,,,82,세법개론,82,세법개론,82,경영정보시스템,,,76,관리회계,76,관리회계,84,마케팅,,,84,마케팅,,,,,,,,,,,,,,,,,,
723,91,미분적분학(2),91,미분적분학(2),,,92,미분적분학(2),,,,,81,기초전자회로,81,기초전자회로,,,,,,,,,,,,,99,반도체공학,11,유기재료물성 및 ICT융합소자,,,11,유기재료물성 및 ICT융합소자,,,91,미분적분학(2),92,미분적분학(2),92,미분적분학(2),,,,,,,,,,,,,,,69,앙트레프레너십시대의회계,69,앙트레프레너십시대의회계,99,반도체공학,99,반도체공학,68,앙트레프레너십시대의회계,68,앙트레프레너십시대의회계,,,,,,,,,,,,,89,일반물리(2),,,89,일반물리(2),,
726,50,일반화학(2),50,일반화학(2),75,휴먼인터페이스 컴퓨터게임설계,,,59,한국사,59,한국사,45,이산수학,,,45,이산수학,,,,,80,객체지향프로그래밍,80,객체지향프로그래밍,81,이산수학,81,이산수학,,,81,이산수학,,,,,,,75,휴먼인터페이스 컴퓨터게임설계,75,휴먼인터페이스 컴퓨터게임설계,29,자료구조설계,29,자료구조설계,81,기초전자회로,31,프로그래밍언어론,,,,,,,80,객체지향프로그래밍,,,,,,,45,ACT,45,ACT,,,,,,,,,79,프로그래밍언어론,,,79,프로그래밍언어론,,,,,,
727,,,,,24,자료구조설계,24,자료구조설계,81,데이타베이스설계,29,자료구조설계,38,데이타베이스설계,38,데이타베이스설계,,,70,오토마타와형식언어,70,오토마타와형식언어,35,컴퓨터구조,,,80,오토마타와형식언어,80,오토마타와형식언어,44,창의와소통,44,창의와소통,,,53,컴퓨터구조,53,컴퓨터구조,,,,,81,데이타베이스설계,81,데이타베이스설계,,,38,데이타베이스설계,,,,,70,오토마타와형식언어,35,컴퓨터구조,35,컴퓨터구조,80,오토마타와형식언어,,,,,,,,,,,53,컴퓨터구조,,,54,휴먼인터페이스 영상,,,54,휴먼인터페이스 영상,,,,,,
728,,,,,80,컴퓨터구조,80,컴퓨터구조,81,확률및통계,81,확률및통계,80,확률및통계,,,,,,,,,49,웹프로그래밍,,,31,전자장,31,전자장,28,창의와소통,28,창의와소통,,,58,한국사,58,한국사,73,이미지인문학,73,이미지인문학,18,알고리즘,,,80,확률및통계,80,확률및통계,,,,,,,49,웹프로그래밍,49,웹프로그래밍,81,이산수학,31,전자장,81,이산수학,81,이산수학,,,,,,,80,컴퓨터구조,81,논리회로,,,81,논리회로,78,논리회로,,,78,논리회로
729,,,47,미세유체개론,47,미세유체개론,,,,,,,,,,,,,,,68,융합응용수학(2),68,융합응용수학(2),,,,,48,생화학,,,,,,,,,47,미세유체개론,47,미세유체개론,39,미적분학(2),29,객체지향프로그래밍,29,객체지향프로그래밍,,,78,BINT 융합공학입문,,,,,68,융합응용수학(2),68,융합응용수학(2),,,48,생화학,48,생화학,,,,,,,,,,,39,미적분학(2),39,미적분학(2),29,객체지향프로그래밍,,,,,,,,
730,,,24,융합바이오분석,24,융합바이오분석,,,,,,,29,스마트 기능성 고분자,29,스마트 기능성 고분자,,,,,,,,,,,,,22,바이오시스템설계,,,,,,,,,24,융합바이오분석,24,융합바이오분석,,,,,,,29,스마트 기능성 고분자,29,스마트 기능성 고분자,,,,,,,,,,,,,21,바이오공학종합설계,,,,,21,바이오공학종합설계,,,,,,,17,나노융합공정론,,,,,17,나노융합공정론,,,,
731,,,,,,,,,24,휴먼ICT 인터페이스공학,24,휴먼ICT 인터페이스공학,9,에너지환경촉매개론,9,에너지환경촉매개론,,,,,,,19,바이오 데이터 분석,19,바이오 데이터 분석,,,,,22,재료구조 및 X선 결정학,22,재료구조 및 X선 결정학,,,,,,,24,컴퓨터구조론,24,컴퓨터구조론,24,휴먼ICT 인터페이스공학,24,휴먼ICT 인터페이스공학,9,에너지환경촉매개론,9,에너지환경촉매개론,,,,,,,19,바이오 데이터 분석,,,,,,,22,재료구조 및 X선 결정학,22,재료구조 및 X선 결정학,,,,,,,,,24,컴퓨터구조론,21,바이오융합공학세미나,21,바이오융합공학프로젝트,,,,,21,바이오융합공학프로젝트
801,,,,,,,79,조직행동론,79,조직행동론,79,조직행동론,78,거시경제학,,,,,78,조직행동론,79,세법개론,79,세법개론,,,,,,,75,조직행동론,75,조직행동론,75,,43,개인정보 활용과 보호,43,개인정보 활용과 보호,43,개인정보 활용과 보호,,,,,,,78,거시경제학,,,,,78,조직행동론,79,세법개론,,,,,,,,,75,기업커뮤니케이션,75,기업커뮤니케이션,,,,,,,12,글쓰기,12,글쓰기,44,글쓰기,44,글쓰기,,,,,,
802,,,42,화폐금융론,42,화폐금융론,18,CAU세미나(2),66,데이터마이닝(2),66,데이터마이닝(2),,,,,,,,,32,산업보안 관리,32,산업보안 관리,,,78,재무관리,78,재무관리,51,BUSINESS COMMUNICATION(2),51,BUSINESS COMMUNICATION(2),51,BUSINESS COMMUNICATION(2),,,42,화폐금융론,42,화폐금융론,17,CAU세미나(2),66,데이터마이닝(2),66,데이터마이닝(2),,,,,,,,,32,산업보안 관리,32,산업보안 관리,17,CAU세미나(2),,,,,17,CAU세미나(2),17,CAU세미나(2),,,77,인사관리,77,인사관리,77,인사관리,17,CAU세미나(2),,,,,76,인사관리,76,인사관리,76,인사관리
803,,,,,,,,,,,18,CAU세미나(2),,,,,,,,,37,파생금융상품론,37,파생금융상품론,,,60,베이지안통계학,60,베이지안통계학,69,파생금융상품론,57,금융경제론,57,금융경제론,,,,,,,17,CAU세미나(2),,,,,44,경영사례연구,44,경영사례연구,44,경영사례연구,,,37,파생금융상품론,37,파생금융상품론,15,CAU세미나(2),60,베이지안통계학,60,베이지안통계학,69,파생금융상품론,57,금융경제론,57,금융경제론,36,물류기초(2),36,물류기초(2),36,물류기초(2),78,경제발전론,78,경제발전론,78,경제발전론,,,,,,
804,79,보험시장론 2,,,,,,,80,보험시장론 2,80,보험시장론 2,15,마케팅전략,,,,,79,보험시장론 2,58,경영전략,58,경영전략,,,80,보험시장론 2,80,보험시장론 2,15,마케팅전략,,,,,,,,,,,,,,,,,15,마케팅전략,,,,,,,,,,,80,경영통계학,80,경영통계학,80,경영통계학,,,,,,,75,물류기초(2),75,물류기초(2),75,물류기초(2),,,,,,,,,,,,
809,,,,,,,,,,,,,32,통계학원론,,,,,33,통계학원론,33,통계학원론,,,,,45,경제분석을 위한 R 프로그래밍,45,경제분석을 위한 R 프로그래밍,,,,,,,,,,,,,,,,,,,32,통계학원론,,,,,33,통계학원론,,,,,,,45,경제분석을 위한 R 프로그래밍,45,경제분석을 위한 R 프로그래밍,,,,,,,,,,,,,,,,,,,,,,,,
818,,,,,,,,,100,경영정보시스템,100,경영정보시스템,58,경영정보시스템,97,물류위험관리,97,물류위험관리,99,한국경제경영의이해(2),99,한국경제경영의이해(2),99,한국경제경영의이해(2),47,PR커뮤니케이션기법,47,PR커뮤니케이션기법,47,PR커뮤니케이션기법,48,광고홍보특강(2),48,광고홍보특강(2),48,광고홍보특강(2),,,,,,,,,100,경영정보시스템,100,경영정보시스템,58,경영정보시스템,97,물류위험관리,97,물류위험관리,100,무역학개론,100,무역학개론,100,무역학개론,90,광고기획,90,광고기획,90,광고기획,37,브랜드커뮤니케이션캠페인(캡스톤디자인),37,브랜드커뮤니케이션캠페인(캡스톤디자인),37,브랜드커뮤니케이션캠페인(캡스톤디자인),87,국제경영학,87,국제경영학,87,국제경영학,79,경영통계학,79,경영통계학,79,경영통계학,55,경영통계학,55,경영통계학,55,경영통계학
819,,,56,물류시스템분석,56,물류시스템분석,,,,,,,58,마케팅,,,,,,,52,미시경제론,52,미시경제론,80,증권시장론,80,증권시장론,80,증권시장론,80,증권시장론,80,증권시장론,80,증권시장론,,,56,물류시스템분석,56,물류시스템분석,,,,,,,58,마케팅,,,,,,,,,,,81,무역학개론,81,무역학개론,81,무역학개론,80,무역학개론,80,무역학개론,80,무역학개론,,,,,17,글쓰기,17,글쓰기,45,글쓰기,45,글쓰기,69,21세기기업경영,69,21세기기업경영,69,21세기기업경영
920,,,84,중급재무회계(1),84,중급재무회계(1),80,경영과학,,,,,96,경영학원론,96,경영학원론,96,경영학원론,81,투자론,95,투자론,95,투자론,,,99,해상보험론,99,해상보험론,100,무역학개론,24,관리회계,24,관리회계,,,84,중급재무회계(1),84,중급재무회계(1),80,경영과학,,,,,39,실전창업론(종합설계),39,실전창업론(종합설계),39,실전창업론(종합설계),81,투자론,95,투자론,95,투자론,16,CAU세미나(2),99,해상보험론,99,해상보험론,100,무역학개론,24,관리회계,24,관리회계,70,설득커뮤니케이션,70,설득커뮤니케이션,70,설득커뮤니케이션,,,,,,,89,투자론,89,투자론,89,투자론
921,,,,,,,,,,,,,80,재무관리,20,금융기관론,20,금융기관론,,,80,조직행동론,80,조직행동론,47,회계학원론,47,회계학원론,47,회계학원론,80,경영조직론,,,,,80,세법개론,80,세법개론,80,세법개론,,,,,,,80,재무관리,20,금융기관론,20,금융기관론,,,80,조직행동론,80,조직행동론,11,CAU세미나(2),,,,,80,경영조직론,,,,,65,광고매체론,65,광고매체론,65,광고매체론,78,중급재무회계(Ⅰ),78,중급재무회계(Ⅰ),25,중급재무회계(Ⅰ),25,중급재무회계(Ⅰ),25,중급재무회계(Ⅰ),25,중급재무회계(Ⅰ)
922,,,,,,,78,재무관리,57,재무관리,57,재무관리,26,INTERGRATED MARKETING COMMUNICATION,26,INTERGRATED MARKETING COMMUNICATION,,,,,80,e비즈니스,80,e비즈니스,,,35,투자론,35,투자론,83,회계학원론,83,회계학원론,83,회계학원론,,,,,,,78,재무관리,57,재무관리,57,재무관리,26,INTERGRATED MARKETING COMMUNICATION,26,INTERGRATED MARKETING COMMUNICATION,,,,,80,e비즈니스,80,e비즈니스,,,35,투자론,35,투자론,46,21세기기업경엉,46,21세기기업경엉,46,21세기기업경엉,43,정부및비영리 PR,43,정부및비영리 PR,43,정부및비영리 PR,,,,,,,59,광고홍보연구방법,59,광고홍보연구방법,59,광고홍보연구방법
925,15,투자론,68,경영조직론,68,경영조직론,17,CAU세미나(2),79,중급재무회계(Ⅰ),79,중급재무회계(Ⅰ),75,중급재무회계(Ⅰ),,,,,78,운영관리,74,운영관리,74,운영관리,,,80,운영관리,80,운영관리,75,해상보험론,,,,,15,투자론,68,경영조직론,68,경영조직론,,,79,중급재무회계(Ⅰ),79,중급재무회계(Ⅰ),75,중급재무회계(Ⅰ),,,,,78,운영관리,74,운영관리,74,운영관리,8,CAU세미나(2),80,운영관리,80,운영관리,75,해상보험론,,,,,33,e비즈니스,33,e비즈니스,33,e비즈니스,,,,,,,71,광고효과론,71,광고효과론,71,광고효과론
926,78,금융기관론,80,금융기관론,80,금융기관론,,,79,BUSINESS COMMUNICATIONS(2),79,BUSINESS COMMUNICATIONS(2),,,,,,,,,55,정보통신기술Ⅱ,55,정보통신기술Ⅱ,,,79,회계감사(Ⅰ),79,회계감사(Ⅰ),53,산업보안법제도,,,,,78,금융기관론,80,금융기관론,80,금융기관론,17,CAU세미나(2),79,BUSINESS COMMUNICATIONS(2),79,BUSINESS COMMUNICATIONS(2),65,중급재무회계(2),65,중급재무회계(Ⅱ),65,중급재무회계(Ⅱ),,,55,정보통신기술Ⅱ,55,정보통신기술Ⅱ,17,CAU세미나(2),79,회계감사(Ⅰ),79,회계감사(Ⅰ),53,산업보안법제도,,,,,76,중급재무회계(Ⅱ),76,,76,,,,,,,,,,,,,
927,,,78,운영관리,78,운영관리,,,74,INTEGRATED MARKETING COMMUNICATION,74,INTEGRATED MARKETING COMMUNICATION,34,INTEGRATED MARKETING COMMUNICATION,,,,,,,,,,,,,51,마케팅,51,마케팅,72,마케팅전략,,,,,,,78,운영관리,78,운영관리,,,74,INTEGRATED MARKETING COMMUNICATION,74,INTEGRATED MARKETING COMMUNICATION,34,INTEGRATED MARKETING COMMUNICATION,,,,,,,,,,,,,51,마케팅,51,마케팅,72,마케팅전략,,,,,58,회계학원론,58,회계학원론,58,회계학원론,69,마케팅,69,마케팅,69,마케팅,11,마케팅리서치,11,마케팅리서치,11,마케팅리서치
928,,,69,엔터테인먼트경영,69,엔터테인먼트경영,,,55,기업재무론,55,기업재무론,68,기업재무론,,,,,,,80,국제금융론,80,국제금융론,,,74,INTEGRATED MARKETING COMMUNICATION,74,INTEGRATED MARKETING COMMUNICATION,,,,,,,,,69,엔터테인먼트경영,69,엔터테인먼트경영,,,55,기업재무론,55,기업재무론,68,기업재무론,,,,,,,80,국제금융론,80,국제금융론,,,74,INTEGRATED MARKETING COMMUNICATION,74,INTEGRATED MARKETING COMMUNICATION,60,한국사,60,한국사,,,,,,,,,33,마케팅,33,마케팅,33,마케팅,,,,,,
932,39,경영정보시스템,12,비즈니스커뮤니케이션(2),12,비즈니스커뮤니케이션(2),,,,,,,56,경제발전론,,,,,,,,,,,,,55,기업가정신과 벤처경엉,55,기업가정신과 벤처경엉,,,,,,,39,경영정보시스템,12,비즈니스커뮤니케이션(2),12,비즈니스커뮤니케이션(2),,,,,,,56,경제발전론,,,,,,,,,,,,,55,기업가정신과 벤처경엉,55,기업가정신과 벤처경엉,20,산업보안 컨설팅,20,산업보안 컨설팅,20,산업보안 컨설팅,44,글쓰기,44,글쓰기,43,글쓰기,43,글쓰기,12,글쓰기,12,글쓰기,,,,,,
B105,,,,,,,,,,,,,,,,,,,,,,,,,,,,,,,14,최신물리보안,14,최신물리보안,14,최신물리보안,,,,,,,,,,,,,,,,,,,,,,,,,,,,,,,,,,,,,,,,,,,,,,,,,,,,,,
B105,,,,,,,,,,,,,,,,,,,,,,,,,,,,,,,14,최신물리보안,14,최신물리보안,14,최신물리보안,,,,,,,,,,,,,,,,,,,,,,,,,,,,,,,,,,,,,,,,,,,,,,,,,,,,,,
B212,,,,,,,,,,,,,,,,,,,,,,,,,,,,,,,,,,,,,,,,,,,,,,,,,,,,,,,,,,,,,,,,,,,,,,,,,,,,,,,31,3D프린팅과프레젠테이션,31,3D프린팅과프레젠테이션,31,3D프린팅과프레젠테이션,14,3D프린팅과프레젠테이션,14,3D프린팅과프레젠테이션,14,3D프린팅과프레젠테이션
B309,,,,,,,,,,,,,,,,,,,,,,,,,,,,,,,,,,,,,,,,,,,,,,,,,,,,,,,,,,,,,,,29,초연결사회의 비즈니스 모델,29,초연결사회의 비즈니스 모델,28,공유 비즈니스 모델 실습,28,공유 비즈니스 모델 실습,,,,,,,,,,,,,,,,,,,,
B310,,,,,,,,,36,프로그래밍,,,,,,,,,,,,,,,,,,,,,,,,,,,,,,,,,,,36,프로그래밍,36,프로그래밍,,,,,,,,,,,,,,,,,,,,,,,,,,,,,,,,,,,,,,,,,,
B310,,,,,,,,,,,,,17,컴퓨팅적사고와문제해결,17,컴퓨팅적사고와문제해결,,,,,48,기초과학데이터분석,,,,,,,,,,,,,,,,,,,,,40,소프트웨어코딩과적용,40,소프트웨어코딩과적용,40,소프트웨어코딩과적용,47,소프트웨어코딩과적용,47,소프트웨어코딩과적용,47,소프트웨어코딩과적용,48,기초과학데이터분석,48,기초과학데이터분석,39,컴퓨팅적사고와문제해결,39,컴퓨팅적사고와문제해결,38,컴퓨팅적사고와문제해결,38,컴퓨팅적사고와문제해결,41,컴퓨팅적사고와문제해결,41,컴퓨팅적사고와문제해결,,,,,,,,,47,기초과학데이터분석,47,기초과학데이터분석,47,기초과학데이터분석,,,,,,
B311,,,,,,,22,디지털미디어프로세싱,22,디지털미디어프로세싱,22,디지털미디어프로세싱,,,,,,,,,,,,,,,,,,,,,,,,,,,,,,,,,40,컴퓨팅적사고와문제해결,40,컴퓨팅적사고와문제해결,39,컴퓨팅적사고와문제해결,30,컴퓨팅적사고와문제해결,,,,,,,,,,,13,소프트웨어와메이커,13,소프트웨어와메이커,19,사운드 아트 프로그래밍 제작 실습,19,사운드 아트 프로그래밍 제작 실습,19,사운드 아트 프로그래밍 제작 실습,,,12,콘텐츠프로그래밍 제작실습,12,콘텐츠프로그래밍 제작실습,12,콘텐츠프로그래밍 제작실습,,,,,26,3D영상디자인설계,26,3D영상디자인설계,26,3D영상디자인설계
B312,,,,,,,,,,,,,35,디자인 Thinking,35,디자인 Thinking,35,디자인 Thinking,,,,,,,,,,,,,27,모바일 앱 개발,27,모바일 앱 개발,27,모바일 앱 개발,,,,,,,,,,,,,34,설계패턴,34,설계패턴,34,설계패턴,,,,,,,,,,,,,35,산업체핸즈온 프로젝트,35,산업체핸즈온 프로젝트,35,산업체핸즈온 프로젝트,35,휴먼ICT인공지능,35,휴먼ICT인공지능,35,휴먼ICT인공지능,,,,,,,,,,,,
B501,,,306,내안의우주: 인체구조와기능,,,58,KOREAN CULTURE AND ART,58,KOREAN CULTURE AND ART,58,KOREAN CULTURE AND ART,,,,,,,57,대중문화와패션,57,대중문화와패션,79,대중문화와패션,79,대중문화와패션,323,CTO기술경영특강,323,CTO기술경영특강,80,대학한문,80,대학한문,80,대학한문,,,,,,,,,262,성공중소기업CEO특강,262,성공중소기업CEO특강,123,의약의역사,123,의약의역사,123,의약의역사,,,,,,,,,,,,,,,,,,,,,,,,,,,,,,,,,,,,
B502,68,KOREAN CULTURE AND ART,68,KOREAN CULTURE AND ART,68,KOREAN CULTURE AND ART,98,설득의심리학,98,설득의심리학,98,설득의심리학,71,사진과창조적표현,71,사진과창조적표현,71,사진과창조적표현,61,음악의이해와감상,61,음악의이해와감상,61,음악의이해와감상,64,문화콘텐츠와기호학,64,문화콘텐츠와기호학,64,문화콘텐츠와기호학,84,음악의이해와감상,84,음악의이해와감상,84,음악의이해와감상,,,,,,,79,글로벌한자,79,글로벌한자,79,글로벌한자,47,ELEMENTARY KOREAN LANGUAGE-B,47,ELEMENTARY KOREAN LANGUAGE-B,47,ELEMENTARY KOREAN LANGUAGE-B,102,TV드라마의이해와비평,102,TV드라마의이해와비평,156,취업역량개발,156,취업역량개발,183,취업역량개발,183,취업역량개발,95,취업역량개발,95,취업역량개발,,,,,,,,,,,,,,,,,,,,
B601,80,다빈치예술여행,80,다빈치예술여행,80,다빈치예술여행,91,환경과인간,91,환경과인간,91,환경과인간,79,환경과인간,79,환경과인간,79,환경과인간,,,,,44,인간과종교,44,인간과종교,75,세계문화지리아카데미,75,세계문화지리아카데미,80,세계문화지리아카데미,80,세계문화지리아카데미,,,,,,,80,아랍문화와예술,80,아랍문화와예술,81,문화콘텐츠입문,81,문화콘텐츠입문,75,연극과뮤지컬,75,연극과뮤지컬,75,연극과뮤지컬,,,,,,,77,사회적행동,77,사회적행동,77,사회적행동,84,KOREAN HISTORY AND CULTURE,84,KOREAN HISTORY AND CULTURE,84,KOREAN HISTORY AND CULTURE,,,,,,,46,공감프레젠테이션,46,공감프레젠테이션,46,공감프레젠테이션,,,,,,
B602,,,,,,,81,현대미술비평,81,현대미술비평,81,현대미술비평,80,인간행동과심리,80,인간행동과심리,80,인간행동과심리,,,,,63,결혼과가족,63,결혼과가족,80,이미지로본중국사,80,이미지로본중국사,79,환경과인간,79,환경과인간,79,환경과인간,,,,,,,68,책읽기와상상력,68,책읽기와상상력,68,책읽기와상상력,68,과학기술과현대사회,68,과학기술과현대사회,68,과학기술과현대사회,24,결혼과가족,24,결혼과가족,62,결혼과가족,62,결혼과가족,148,사회봉사의이론과실천,148,사회봉사의이론과실천,80,독일정치와사회,80,독일정치와사회,80,독일정치와사회,,,,,,,79,글로벌한자,79,글로벌한자,79,글로벌한자,,,,,,
B603,61,독일어(초급),61,독일어(초급),61,독일어(초급),78,음악의이해와감상,78,음악의이해와감상,78,음악의이해와감상,80,21세기기업경영,80,21세기기업경영,80,21세기기업경영,74,대학한문,74,대학한문,74,대학한문,76,프랑스문학과예술,76,프랑스문학과예술,76,프랑스문학과예술,102,중앙인과한국사회,102,중앙인과한국사회,102,중앙인과한국사회,35,기업가정신과혁신,35,기업가정신과혁신,35,기업가정신과혁신,28,기업가정신과혁신,28,기업가정신과혁신,28,기업가정신과혁신,44,ACT,44,ACT,100,4차산업현장맞춤형프로젝트II,79,건강한삶,79,건강한삶,79,건강한삶,59,독일어(초급),59,독일어(초급),59,독일어(초급),34,음식과생명윤리,34,음식과생명윤리,61,전자전기세미나,79,현대사회의쟁점,79,현대사회의쟁점,79,현대사회의쟁점,82,식품과건강,82,식품과건강,82,식품과건강,,,,,,
